{
    "north" : 37.833298,
    "south" : 37.707919000000004,
    "west" : -122.51471300000001,
    "east" : -122.356309
}
